,precision,recall,f1-score,support
1,1.0,0.9583333333333334,0.9787234042553191,24.0
2,0.8529411764705882,1.0,0.9206349206349206,29.0
3,1.0,0.7894736842105263,0.8823529411764706,19.0
accuracy,0.9305555555555556,0.9305555555555556,0.9305555555555556,0.9305555555555556
macro avg,0.9509803921568628,0.9159356725146198,0.9272370886889035,72.0
weighted avg,0.9407679738562091,0.9305555555555556,0.9298955594846292,72.0
