max_depth,None,2,3,4,5,6,7
accuracy,0.8888888888888888,0.9166666666666666,0.9444444444444444,0.8888888888888888,0.8888888888888888,0.8888888888888888,0.9444444444444444
